{
    "ari-swap": "uncapped",
    "wrapped-bitcoin": "uncapped",
    "ethereum": "uncapped",
    "celo": "uncapped",
    "celo-dollar": "uncapped",
    "celo-euro": "uncapped",
    "celo-brazilian-real": "uncapped",
    "mceur": "mceur",
    "symmetric": "uncapped",
    "symmetricopticsv2": "uncapped",
    "ubeswap": "uncapped",
    "knoxedge": "uncapped",
    "moolacusd": "uncapped",
    "mobius": "uncapped",
    "moola-market": "uncapped",
    "wrapped-bitcoin-optics-v1": "uncapped",
    "wrapped-bitcoin-optics-v2": "uncapped",
    "weth-optics-v1": "uncapped",
    "weth-optics-v2": "uncapped",
    "poofcash": "uncapped",
    "sushi": "uncapped"
}
